Maths,Eng,Swa
56.7473,34.662762,43.84864
89.738,45.72864,56.8128
1.8978,456.789,20.747
676.4752,78.736,60.737
10.2435,76.736,56.87628
